{"cameraMode":{"drawMode":0,"name":"Shaded","section":"Shading Mode"},"sceneLighting":true,"audioPlay":false,"sceneViewState":{"m_AlwaysRefresh":false,"showFog":true,"showSkybox":true,"showFlares":true,"showImageEffects":true,"showParticleSystems":true,"showVisualEffectGraphs":true,"m_FxEnabled":true},"in2DMode":false,"pivot":{"x":796.9961547851563,"y":16.4123592376709,"z":447.2091369628906},"rotation":{"x":0.011900865472853184,"y":-0.9717270731925964,"z":0.23040525615215302,"w":0.05019189044833183},"size":1.6623094081878663,"orthographic":false}