{"cameraMode":{"drawMode":0,"name":"Shaded","section":"Shading Mode"},"sceneLighting":true,"audioPlay":false,"sceneViewState":{"m_AlwaysRefresh":false,"showFog":true,"showSkybox":true,"showFlares":true,"showImageEffects":true,"showParticleSystems":true,"showVisualEffectGraphs":true,"m_FxEnabled":true},"in2DMode":false,"pivot":{"x":626.8364868164063,"y":1.2147762775421143,"z":249.33737182617188},"rotation":{"x":-0.13480572402477265,"y":-0.036557599902153018,"z":0.0049764919094741348,"w":-0.9901883602142334},"size":5.178003311157227,"orthographic":false}