{"cameraMode":{"drawMode":0,"name":"Shaded","section":"Shading Mode"},"sceneLighting":true,"audioPlay":false,"sceneViewState":{"m_AlwaysRefresh":false,"showFog":true,"showSkybox":true,"showFlares":true,"showImageEffects":true,"showParticleSystems":true,"showVisualEffectGraphs":true,"m_FxEnabled":true},"in2DMode":false,"pivot":{"x":490.3028564453125,"y":4.768898010253906,"z":246.91107177734376},"rotation":{"x":-0.30493685603141787,"y":-0.46978530287742617,"z":0.17700466513633729,"w":-0.8093885183334351},"size":22.464128494262697,"orthographic":false}