{"cameraMode":{"drawMode":0,"name":"Shaded","section":"Shading Mode"},"sceneLighting":true,"audioPlay":false,"sceneViewState":{"m_AlwaysRefresh":false,"showFog":true,"showSkybox":true,"showFlares":true,"showImageEffects":true,"showParticleSystems":true,"showVisualEffectGraphs":true,"m_FxEnabled":true},"in2DMode":false,"pivot":{"x":490.0475158691406,"y":13.698179244995118,"z":169.50152587890626},"rotation":{"x":0.10958600044250488,"y":-0.010128692723810673,"z":0.0011144899763166905,"w":0.9939478039741516},"size":31.26711654663086,"orthographic":false}