{"cameraMode":{"drawMode":0,"name":"Shaded","section":"Shading Mode"},"sceneLighting":true,"audioPlay":false,"sceneViewState":{"m_AlwaysRefresh":false,"showFog":true,"showSkybox":true,"showFlares":true,"showImageEffects":true,"showParticleSystems":true,"showVisualEffectGraphs":true,"m_FxEnabled":true},"in2DMode":false,"pivot":{"x":121.65860748291016,"y":55.46182632446289,"z":-36.66948699951172},"rotation":{"x":-0.11313652247190476,"y":-0.43632397055625918,"z":0.055406637489795688,"w":-0.8909364938735962},"size":5.366025924682617,"orthographic":false}