{"cameraMode":{"drawMode":0,"name":"Shaded","section":"Shading Mode"},"sceneLighting":true,"audioPlay":false,"sceneViewState":{"m_AlwaysRefresh":false,"showFog":true,"showSkybox":true,"showFlares":true,"showImageEffects":true,"showParticleSystems":true,"showVisualEffectGraphs":true,"m_FxEnabled":true},"in2DMode":false,"pivot":{"x":623.4290771484375,"y":1.9987778663635255,"z":267.74298095703127},"rotation":{"x":0.019167788326740266,"y":-0.25220075249671938,"z":0.004996560048311949,"w":0.96747225522995},"size":2.638732433319092,"orthographic":false}